,region,district,estate,building,address,floor,flat,price,gross_area,gross_unit_price,net_area,net_unit_price,reg_date,bedroom_count
0,港島,淺水灣,淺水灣道 37 號,2座,淺水灣道37號,中層,A室,42080000.0,1635.0,25737.0,1199,35096,2021-04-12,
1,港島,壽臣山,翠谷別墅,1座,壽山村道4號,,,34800000.0,,,1177,29566,2021-04-09,
2,港島,赤柱,,赤柱大街29-31號,赤柱大街29-31號,4樓,29號,3200000.0,450.0,7111.0,205,15609,2021-04-08,
3,港島,大潭,A區(4期),2座,白筆山道18號,17樓,A室,25700000.0,1391.0,18476.0,1013,25370,2021-04-01,2.0
4,港島,淺水灣,涵碧苑,11座,大潭水塘道88號,中層,65室,71800000.0,2672.0,26871.0,2157,33287,2021-03-31,3.0
5,港島,大潭,B區,松柏徑75座 (S9洋房),白筆山道18號,B地段,75號洋房,73000000.0,3054.0,23903.0,2836,25740,2021-03-31,
6,港島,大潭,浪琴園,5座,大潭道38號,12樓,A室,22380000.0,1334.0,16777.0,1077,20780,2021-03-30,
7,港島,淺水灣,南灣御苑,2座,南灣坊25號,3樓,C室,33080000.0,2017.0,16401.0,1505,21980,2021-03-29,3.0
8,港島,淺水灣,凌雲閣,7座,大潭水塘道88號,16樓,51室,44800000.0,1924.0,23285.0,1505,29767,2021-03-29,3.0
9,港島,淺水灣,凌雲閣,6座,大潭水塘道88號,1樓,45室,55000000.0,2583.0,21293.0,2069,26583,2021-03-29,3.0
10,港島,淺水灣,華景園,1座,南灣道61號,6樓,A室,78000000.0,3054.0,25540.0,2482,31426,2021-03-24,4.0
11,港島,大潭,A區(4期),6座,白筆山道18號,4樓,B室,25000000.0,1391.0,17973.0,1013,24679,2021-03-23,2.0
12,港島,大潭,A區(4期),2座,白筆山道18號,高層,A室,25700000.0,1391.0,18476.0,1013,25370,2021-03-22,2.0
13,港島,大潭,浪琴園,5座,大潭道38號,低層,A室,22380000.0,1334.0,16777.0,1077,20780,2021-03-19,
14,港島,山頂,山頂道77-79號,山頂道77F號,山頂道77F號,77F號,77F號,558145368.0,,,4621,120785,2021-03-18,
15,港島,馬坑,龍德苑,至德閣 (C座),環角道52號,6樓,23室,5200000.0,559.0,9302.0,421,12352,2021-03-18,
16,港島,淺水灣,,南山別墅,淺水灣道41號,18樓,B室,80000000.0,2400.0,33333.0,1961,40796,2021-03-17,
17,港島,深水灣,深水灣徑8號,1座,深水灣徑8號,9樓,B室,251229000.0,,,3548,70809,2021-03-17,4.0
18,港島,淺水灣,,松苑,淺水灣道65號,4樓,A室,68800000.0,2250.0,30578.0,1917,35889,2021-03-16,
19,港島,淺水灣,淺水灣道 37 號,3座,淺水灣道37號,中層,A室,23600000.0,1220.0,19344.0,848,27830,2021-03-15,
20,港島,山頂,山頂道77-79號,山頂道77D號,山頂道77D號,77D號,77D號,551408000.0,,,5208,105877,2021-03-15,
21,港島,山頂,山頂道77-79號,山頂道77A號,山頂道77A號,77A號,77A號,598000000.0,,,5926,100911,2021-03-11,
22,港島,淺水灣,,松苑,淺水灣道65號,低層,A室,68800000.0,2250.0,30578.0,1917,35889,2021-03-10,
23,港島,深水灣,香島道50號,洋房7,香島道50號,50號,7號屋,290000000.0,,,3716,78041,2021-03-09,
24,港島,深水灣,香島道50號,洋房8,香島道50號,50號,8號屋,423500000.0,,,5291,80042,2021-03-09,
25,港島,深水灣,香島道50號,洋房9,香島道50號,50號,9號屋,350000000.0,,,4443,78776,2021-03-09,
26,港島,深水灣,香島道50號,洋房10,香島道50號,50號,10號屋,350000000.0,,,4477,78177,2021-03-09,
27,港島,深水灣,香島道50號,洋房11,香島道50號,50號,11號屋,430000000.0,,,5378,79955,2021-03-09,
28,港島,大潭,A區(4期),6座,白筆山道18號,低層,B室,25000000.0,1391.0,17973.0,1013,24679,2021-03-08,2.0
29,港島,深水灣,香島道50號,洋房1,香島道50號,50號,1號屋,260000000.0,,,3475,74820,2021-03-08,
30,港島,大潭,皇府灣,25號洋房,白筆山道8號,8號,25號洋房,125328000.0,4372.0,28666.0,3302,37955,2021-03-05,
31,港島,大潭,輝百閣,A座,大潭道29號,7樓,B室,53000000.0,1900.0,27895.0,1749,30303,2021-03-04,3.0
32,港島,淺水灣,山景園,5座,大潭水塘道88號,16樓,35室,28000000.0,1298.0,21572.0,1031,27158,2021-03-03,2.0
33,港島,大潭,浪琴園,1座,大潭道38號,5樓,A室,26880000.0,1772.0,15169.0,1397,19241,2021-03-02,
34,港島,大潭,浪琴園,4座,大潭道38號,34樓,B室,34000000.0,1906.0,17838.0,1534,22164,2021-03-01,
35,港島,淺水灣,山景園,5座,大潭水塘道88號,3樓,41室,24500000.0,1308.0,18731.0,1042,23512,2021-03-01,2.0
36,港島,赤柱,旭逸居,2座,赤柱村道7號,地下,B室,21400000.0,758.0,28232.0,624,34295,2021-03-01,
37,港島,淺水灣,淺水灣道 37 號,3座,淺水灣道37號,17樓,A室,23380000.0,1220.0,19164.0,848,27571,2021-02-24,
38,港島,大潭,浪琴園,4座,大潭道38號,高層,B室,34000000.0,1906.0,17838.0,1534,22164,2021-02-22,
39,港島,淺水灣,山景園,5座,大潭水塘道88號,低層,41室,24500000.0,1308.0,18731.0,1042,23512,2021-02-19,2.0
40,港島,淺水灣,淺水灣道 37 號,3座,淺水灣道37號,21樓,A室,23600000.0,1220.0,19344.0,848,27830,2021-02-18,
41,港島,舂坎角,靜修里 13-25 號,靜修里 19 號,靜修里13-25號,19號,19號,108800000.0,3500.0,31086.0,3096,35142,2021-02-11,
42,港島,淺水灣,山景園,4座,大潭水塘道88號,1樓,31室,37000000.0,2105.0,17577.0,1622,22811,2021-02-09,3.0
43,港島,淺水灣,山景園,5座,大潭水塘道88號,高層,35室,28000000.0,1298.0,21572.0,1031,27158,2021-02-08,2.0
44,港島,深水灣,深水灣徑8號,2座,深水灣徑8號,9樓,D室,186225000.0,,,2764,67375,2021-02-05,3.0
45,港島,大潭,B區,松柏徑146座 (T6洋房),白筆山道18號,B地段,146號洋房,97000000.0,3339.0,29051.0,3136,30931,2021-01-29,
46,港島,淺水灣,,松苑,淺水灣道65號,17樓,A室,70400000.0,2250.0,31289.0,1917,36724,2021-01-26,
47,港島,淺水灣,凌雲閣,7座,大潭水塘道88號,21樓,51室,43380000.0,1924.0,22547.0,1505,28824,2021-01-19,3.0
48,港島,淺水灣,,南灣大廈,南灣道59號,21樓,C室,58000000.0,2738.0,21183.0,2143,27065,2021-01-13,
49,港島,壽臣山,松柏花園,2座,壽山村道18號,18號,A室,73500000.0,2106.0,34900.0,2015,36476,2021-01-12,
50,港島,山頂,,EPWORTH LODGE,白加道51號,地下,2室,78000000.0,1490.0,52349.0,1424,54775,2021-01-08,
51,港島,山頂,嘉樂園,A座,甘道20-22號,7樓,22號,100500000.0,2400.0,41875.0,2117,47473,2021-01-07,
52,港島,山頂,,瑞燕大廈,加列山道18-22號,4樓,A室(22號),39800000.0,2400.0,16583.0,1749,22756,2020-12-31,
53,港島,赤柱,,赤柱大街10-12號,赤柱大街10-12號,三樓,12A號,3456000.0,,,294,11755,2020-12-29,
54,港島,大潭,A區(4期),7座,白筆山道18號,10樓,A室,43888888.0,2143.0,20480.0,1567,28008,2020-12-28,3.0
55,港島,淺水灣,山景園,5座,大潭水塘道88號,11樓,41室,27100000.0,1308.0,20719.0,1042,26008,2020-12-23,2.0
56,港島,山頂,白加道28號,洋房5,白加道28號,28號,5號屋,530000000.0,,,4270,124122,2020-12-18,5.0
57,港島,大潭,A區(4期),6座,白筆山道18號,9樓,B室,24750000.0,1391.0,17793.0,1013,24432,2020-12-14,2.0
58,港島,淺水灣,淺水灣麗景園,9-10座,麗景道22-24號,6樓,9座 (24號),60300000.0,2288.0,26355.0,2049,29429,2020-12-10,
59,港島,深水灣,文禮苑,5座,深水灣道48號,48號,5號洋房,168000000.0,3504.0,47945.0,3160,53165,2020-12-04,
60,港島,赤柱,東頭灣道 37 號,B座,東頭灣道37號,37號,B洋房,85000000.0,,,2491,34123,2020-12-02,
61,港島,淺水灣,冠園,C-D座,淺水灣道21C-21D號,4樓,C室,50800000.0,2300.0,22087.0,1780,28539,2020-12-02,3.0
62,港島,馬坑,龍德苑,至德閣 (C座),環角道52號,7樓,10室,3280000.0,283.0,11590.0,214,15327,2020-12-02,0.0
63,港島,赤柱,海寧雅舍,D座,赤柱崗道8號,地下,D室,30800000.0,1700.0,18118.0,1372,22449,2020-12-01,
64,港島,淺水灣,,南灣大廈,南灣道59號,7樓,A室,28200000.0,1433.0,19679.0,1112,25360,2020-11-30,
65,港島,深水灣,深水灣徑8號,2座,深水灣徑8號,7樓,D室,180495000.0,,,2764,65302,2020-11-27,3.0
66,港島,大潭,B區,松柏徑142座 (T4洋房),白筆山道18號,B地段,142號洋房,100000000.0,3339.0,29949.0,3136,31888,2020-11-27,
67,港島,淺水灣,,松苑,淺水灣道65號,16樓,B室,75500000.0,2250.0,33556.0,1917,39384,2020-11-25,
68,港島,淺水灣,山景園,5座,大潭水塘道88號,23樓,41室,28180000.0,1308.0,21544.0,1042,27044,2020-11-24,2.0
69,港島,大潭,A區(4期),4座,白筆山道18號,2樓,A室,34800000.0,2143.0,16239.0,1567,22208,2020-11-24,3.0
70,港島,赤柱,,敦勝樓,赤柱大街126號,4樓,B室,5500000.0,526.0,10456.0,375,14667,2020-11-23,
71,港島,淺水灣,南灣御苑,2座,南灣坊25號,5樓,A室,45580000.0,2636.0,17291.0,1947,23410,2020-11-19,3.0
72,港島,赤柱,旭逸居,6座,赤柱村道7號,2樓,A室,22000000.0,1052.0,20913.0,855,25731,2020-11-19,
73,港島,赤柱,,友榮樓,赤柱大街34-38號,六樓,D室,4050000.0,,,235,17234,2020-11-17,
74,港島,大潭,浪琴園,3座,大潭道38號,23樓,A室,39150000.0,2054.0,19060.0,1674,23387,2020-11-16,
75,港島,深水灣,深水灣徑8號,2座,深水灣徑8號,5樓,D室,174765000.0,,,2764,63229,2020-11-16,3.0
76,港島,淺水灣,南灣花園,B座,南灣坊33號,1樓,2室,32000000.0,1542.0,20752.0,1296,24691,2020-11-13,2.0
77,港島,淺水灣,摘星樓,13座,大潭水塘道88號,9樓,73室,61380000.0,2787.0,22024.0,2308,26594,2020-11-11,4.0
78,港島,淺水灣,華景園,2座,南灣道61號,18樓,B室,31500000.0,1463.0,21531.0,1089,28926,2020-11-11,3.0
79,港島,淺水灣,嘉麟閣,2座,南灣道55號,6樓,B室,36900000.0,1780.0,20730.0,1390,26547,2020-11-10,3.0
80,港島,赤柱,,啟厚閣,赤柱市場道25號,1樓,25號,31500000.0,1250.0,25200.0,955,32984,2020-11-06,
81,港島,大潭,A區(4期),3座,白筆山道18號,10樓,A室,24700000.0,1401.0,17630.0,1013,24383,2020-11-04,2.0
82,港島,馬坑,龍德苑,晉德閣 (A座),環角道52號,4樓,1室,3200000.0,283.0,11307.0,214,14953,2020-11-02,
83,港島,馬坑,龍德苑,承德閣 (B座),環角道52號,2樓,31室,4150000.0,559.0,7424.0,421,9857,2020-11-02,0.0
84,港島,馬坑,龍欣苑,龍駿閣 (A座),環角道60號,七樓,8室,5480000.0,631.0,8685.0,431,12715,2020-10-19,1.0
85,港島,馬坑,龍德苑,承德閣 (B座),環角道52號,1樓,34室,3300000.0,283.0,11661.0,214,15421,2020-10-16,
86,港島,淺水灣,嘉麟閣,2座,南灣道55號,16樓,A室,43000000.0,1780.0,24157.0,1390,30935,2020-10-15,3.0
87,港島,山頂,倚巒,洋房 19,施勳道8號,8號,19號屋,175000000.0,3330.0,52553.0,2363,74058,2020-10-15,
88,港島,淺水灣,涵碧苑,11座,大潭水塘道88號,9樓,67室,60500000.0,2541.0,23810.0,2049,29527,2020-10-14,3.0
89,港島,壽臣山,,壽山村道37號,壽山村道37號,37號,37號,2566000000.0,,,0,0,2020-09-30,
90,港島,馬坑,龍德苑,至德閣 (C座),環角道52號,3樓,1室,3600000.0,283.0,12721.0,214,16822,2020-09-30,0.0
91,港島,大潭,D區,松柏徑68座,白筆山道18號,D地段,68號洋房,206000000.0,5201.0,39608.0,5353,38483,2020-09-28,
92,港島,舂坎角,海天徑 9-11 號,11 號,海天徑9-11號,1樓,D1室,45000000.0,1700.0,26471.0,1290,34884,2020-09-25,
93,港島,赤柱,,裕海樓,赤柱大街8號,4樓,A室,4200000.0,500.0,8400.0,351,11966,2020-09-25,
94,港島,赤柱,,赤柱大街19-21號,赤柱大街19-21號,2樓,19/21號,3080000.0,,,286,10769,2020-09-23,
95,港島,赤柱,,赤柱村道52號,赤柱村道52號,52號,2室,54000000.0,1800.0,30000.0,1738,31070,2020-09-18,
96,港島,舂坎角,環角道33號,洋房 F,環角道33號,33號,F號屋,53000000.0,3140.0,16879.0,2340,22650,2020-09-17,2.0
97,港島,深水灣,ISLAND GROVE,洋房 B,香島道40號,40號,B號屋,285000000.0,,,3148,90534,2020-09-08,
98,港島,深水灣,深水灣徑8號,2座,深水灣徑8號,8樓,D室,179600000.0,,,2764,64978,2020-09-08,
99,港島,大潭,A區(4期),1座,白筆山道18號,9樓,B室,38000000.0,2143.0,17732.0,1567,24250,2020-09-07,3.0
100,港島,山頂,嘉樂園,B座,甘道24-26號,7樓,24號,143000000.0,2800.0,51071.0,2448,58415,2020-09-07,
101,港島,赤柱,1期,B11號(洋房II型),黃麻角道88號,88號,B11號屋,70800000.0,4053.0,17469.0,2790,25376,2020-09-07,5.0
102,港島,淺水灣,,松苑,淺水灣道65號,8樓,A室,75000000.0,2250.0,33333.0,1917,39124,2020-08-28,
103,港島,大潭,A區(4期),5座,白筆山道18號,10樓,B室,30000000.0,2143.0,13999.0,1567,19145,2020-08-25,3.0
104,港島,淺水灣,凌雲閣,7座,大潭水塘道88號,6樓,51室,41000000.0,1924.0,21310.0,1505,27243,2020-08-21,3.0
105,港島,赤柱,1期,A17號(洋房III型),黃麻角道88號,88號,A17號屋,70000000.0,4212.0,16619.0,3034,23072,2020-08-20,5.0
106,港島,赤柱,,赤柱大街18-20B號,赤柱大街18-20B號,六樓,C室,5150000.0,,,374,13770,2020-08-13,
107,港島,大潭,,輝百苑,大潭道17號,7樓,17號,86000000.0,3100.0,27742.0,2631,32687,2020-08-07,
108,港島,淺水灣,,THE BEACHSIDE,淺水灣道82號,1樓,F室,21500000.0,950.0,22632.0,692,31069,2020-08-07,2.0
109,港島,淺水灣,淺水灣麗景園,3-4座,麗景道34-36號,6樓,3座 (36號),81300000.0,2800.0,29036.0,2576,31561,2020-08-07,
110,港島,淺水灣,南灣御苑,1座,南灣坊25號,5樓,C室,27000000.0,1780.0,15169.0,1367,19751,2020-07-31,3.0
111,港島,大潭,A區(4期),1座,白筆山道18號,12樓,A室,42800000.0,2153.0,19879.0,1575,27175,2020-07-31,3.0
112,港島,大潭,D區,棕櫚徑44座,白筆山道18號,D地段,44號洋房,62500000.0,2588.0,24150.0,2583,24197,2020-07-31,
113,港島,淺水灣,環翠軒,9座,大潭水塘道88號,3樓,59室,61000000.0,2628.0,23212.0,2049,29771,2020-07-27,3.0
114,港島,馬坑,龍欣苑,龍駿閣 (A座),環角道60號,七樓,14室,7080000.0,776.0,9124.0,530,13358,2020-07-23,2.0
115,港島,深水灣,深水灣徑8號,2座,深水灣徑8號,6樓,D室,175000000.0,,,2764,63314,2020-07-20,
116,港島,赤柱,,海山閣,赤柱大街55-57號,2樓,55/57號,8100000.0,650.0,12462.0,530,15283,2020-07-17,
117,港島,馬坑,龍德苑,承德閣 (B座),環角道52號,2樓,6室,7060000.0,699.0,10100.0,527,13397,2020-07-16,
118,港島,大潭,浪琴園,4座,大潭道38號,12樓,A室,33900000.0,2054.0,16504.0,1674,20251,2020-07-16,
119,港島,淺水灣,南灣御苑,2座,南灣坊25號,2樓,B室,26500000.0,1698.0,15607.0,1273,20817,2020-07-15,3.0
120,港島,淺水灣,山景園,5座,大潭水塘道88號,12樓,35室,25300000.0,1298.0,19492.0,1031,24539,2020-07-15,2.0
121,港島,淺水灣,,南灣大廈,南灣道59號,19樓,D室,28380000.0,1433.0,19805.0,1112,25522,2020-07-13,
122,港島,大潭,浪琴園,3座,大潭道38號,20樓,A室,37380000.0,2054.0,18199.0,1674,22330,2020-07-10,
123,港島,淺水灣,,淺水灣道3號,淺水灣道3號,8樓,B室,80000000.0,2078.0,38499.0,1664,48077,2020-07-09,
124,港島,淺水灣,嘉麟閣,2座,南灣道55號,2樓,B室,35500000.0,1780.0,19944.0,1390,25540,2020-07-06,3.0
125,港島,赤柱,,東頭灣道39號,東頭灣道39號,地下,C座,48000000.0,2200.0,21818.0,1618,29666,2020-07-02,
126,港島,馬坑,龍德苑,怡德閣 (D座),環角道52號,6樓,12室,7580000.0,698.0,10860.0,526,14411,2020-06-30,1.0
127,港島,大潭,D區,棕櫚徑87座,白筆山道18號,D地段,87號洋房,68280000.0,2880.0,23708.0,2623,26031,2020-06-30,
128,港島,馬坑,龍欣苑,龍駿閣 (A座),環角道60號,十樓,12室,5380000.0,626.0,8594.0,427,12600,2020-06-29,1.0
129,港島,山頂,BAYVIEW,布力徑 29 號,布力徑29號,29號,29號,160000000.0,4300.0,37209.0,3018,53015,2020-06-26,
130,港島,淺水灣,南灣御苑,2座,南灣坊25號,7樓,B室,27300000.0,1698.0,16078.0,1273,21445,2020-06-24,3.0
131,港島,大潭,D區,松柏徑64座,白筆山道18號,D地段,64號洋房,112800000.0,4013.0,28109.0,4010,28130,2020-06-23,
132,港島,淺水灣,冠園,C-D座,淺水灣道21C-21D號,5樓,D室,50000000.0,2300.0,21739.0,1780,28090,2020-06-22,3.0
133,港島,馬坑,龍德苑,怡德閣 (D座),環角道52號,4樓,13室,5500000.0,552.0,9964.0,417,13189,2020-06-22,0.0
134,港島,淺水灣,淺水灣麗景園,5-6座,麗景道30-32號,3樓,6座 (30號),58000000.0,2288.0,25350.0,2049,28306,2020-06-19,
135,港島,大潭,B區,棕櫚徑133座 (S25洋房),白筆山道18號,B地段,133號洋房,68688888.0,3072.0,22360.0,2836,24220,2020-06-18,
136,港島,大潭,A區(4期),10座,白筆山道18號,3樓,A室,23750000.0,1301.0,18255.0,946,25106,2020-06-16,2.0
137,港島,赤柱,,德偉花園,赤柱大街90A號,八樓,B室,7500000.0,560.0,13393.0,414,18116,2020-06-15,
138,港島,馬坑,龍欣苑,龍騰閣 (B座),環角道60號,二樓,2室,6000000.0,632.0,9494.0,431,13921,2020-06-15,1.0
139,港島,淺水灣,南灣新邨,B座,南灣坊4號,5樓,B2室,45300000.0,,,2160,20972,2020-06-11,
140,港島,大潭,B區,松柏徑150座 (T8洋房),白筆山道18號,B地段,150號洋房,98500000.0,3339.0,29500.0,3136,31409,2020-06-11,
141,港島,淺水灣,淺水灣麗景園,7-8座,麗景道26-28號,10樓,7座 (28號),67000000.0,2288.0,29283.0,2049,32699,2020-06-11,
142,港島,淺水灣,嘉麟閣,1座,南灣道55號,3樓,B室,51000000.0,2200.0,23182.0,1775,28732,2020-06-10,3.0
143,港島,淺水灣,華景園,2座,南灣道61號,15樓,A室,40000000.0,1820.0,21978.0,1358,29455,2020-06-10,3.0
144,港島,淺水灣,山景園,4座,大潭水塘道88號,10樓,31室,36000000.0,2105.0,17102.0,1622,22195,2020-06-05,3.0
145,港島,淺水灣,凌雲閣,7座,大潭水塘道88號,12樓,49室,36000000.0,2093.0,17200.0,1624,22167,2020-06-05,3.0
146,港島,淺水灣,山景園,5座,大潭水塘道88號,6樓,37室,27365000.0,1263.0,21667.0,1001,27338,2020-06-04,2.0
147,港島,大潭,A區(4期),1座,白筆山道18號,16-17樓,B室,75000000.0,3443.0,21783.0,2450,30612,2020-06-02,3.0
148,港島,淺水灣,,雅景閣,南灣道10號,1樓,E室,33500000.0,1290.0,25969.0,988,33907,2020-06-01,2.0
149,港島,大潭,A區(4期),1座,白筆山道18號,12樓,B室,43000000.0,2143.0,20065.0,1567,27441,2020-05-29,3.0
150,港島,淺水灣,雲濤別墅,B座,淺水灣道69C-69F號,1樓,69C號,63000000.0,2200.0,28636.0,1870,33690,2020-05-28,
151,港島,大潭,A區(4期),4座,白筆山道18號,14樓,B室,41500000.0,2153.0,19275.0,1575,26349,2020-05-27,3.0
152,港島,馬坑,龍德苑,承德閣 (B座),環角道52號,3樓,21室,3700000.0,283.0,13074.0,214,17290,2020-05-27,
153,港島,大潭,A區(4期),10座,白筆山道18號,4樓,B室,21380000.0,1301.0,16434.0,956,22364,2020-05-22,2.0
154,港島,淺水灣,,THE BEACHSIDE,淺水灣道82號,2樓,A室,20000000.0,1135.0,17621.0,857,23337,2020-05-21,
155,港島,大潭,浪琴園,1座,大潭道38號,5樓,B室,21600000.0,1334.0,16192.0,1077,20056,2020-05-21,
156,港島,淺水灣,山景園,4座,大潭水塘道88號,16樓,31室,41000000.0,2105.0,19477.0,1622,25277,2020-05-19,3.0
157,港島,大潭,A區(4期),10座,白筆山道18號,1樓,B室,21380000.0,1311.0,16308.0,956,22364,2020-05-13,2.0
158,港島,大潭,浪琴園,4座,大潭道38號,10樓,B室,32600000.0,1906.0,17104.0,1534,21252,2020-05-13,
159,港島,赤柱,葆琳居,G座,赤柱崗道3號,3號,G洋房,75000000.0,3557.0,21085.0,2365,31712,2020-05-12,
160,港島,赤柱,海明山,4號屋,佳美道12號,12號,4號洋房,63000000.0,2378.0,26493.0,1957,32192,2020-05-11,
161,港島,淺水灣,淺水灣麗景園,5-6座,麗景道30-32號,1樓,5座 (32號),48000000.0,2288.0,20979.0,2049,23426,2020-04-24,
162,港島,赤柱,,友誠樓,赤柱大街52-56號,二樓,B室,3800000.0,600.0,6333.0,322,11801,2020-04-22,
163,港島,馬坑,龍德苑,至德閣 (C座),環角道52號,5樓,22室,5380000.0,552.0,9746.0,417,12902,2020-04-21,
164,港島,山頂,,崑廬,加列山道44號,12樓,A室,85000000.0,2650.0,32075.0,2222,38254,2020-04-20,
165,港島,馬坑,龍德苑,晉德閣 (A座),環角道52號,7樓,30室,6399998.0,839.0,7628.0,632,10127,2020-04-20,
166,港島,淺水灣,凌雲閣,8座,大潭水塘道88號,22樓,55室,45200000.0,2366.0,19104.0,1886,23966,2020-04-17,3.0
167,港島,赤柱,海明山,21號屋,佳美道12號,12號,21號洋房,60000000.0,2434.0,24651.0,1957,30659,2020-04-15,
168,港島,淺水灣,,淺水灣道90號,淺水灣道90號,1號,90號,468960000.0,,,6034,77720,2020-04-09,
169,港島,淺水灣,華景園,1座,南灣道61號,24樓,A室,86800000.0,3054.0,28422.0,2482,34972,2020-04-08,4.0
170,港島,大潭,浪琴園,1座,大潭道38號,2樓,B室,20500000.0,1334.0,15367.0,1077,19034,2020-04-08,
171,港島,馬坑,龍德苑,晉德閣 (A座),環角道52號,8樓,1室,3580000.0,283.0,12650.0,214,16729,2020-04-02,0.0
172,港島,淺水灣,山景園,3座,大潭水塘道88號,8樓,25室,26200000.0,1259.0,20810.0,1001,26174,2020-04-02,2.0
173,港島,淺水灣,山景園,3座,大潭水塘道88號,16樓,27室,27500000.0,1295.0,21236.0,1031,26673,2020-03-23,2.0
174,港島,大潭,浪琴園,1座,大潭道38號,16樓,A室,29750000.0,1772.0,16789.0,1397,21296,2020-03-18,
175,港島,赤柱,2期,C27號(洋房III型),黃麻角道88號,88號,C27 (III)號屋,67000000.0,4212.0,15907.0,3034,22083,2020-03-16,
176,港島,淺水灣,,明慧園,淺水灣道45號,6樓,A室,60000000.0,1900.0,31579.0,1583,37903,2020-03-13,
177,港島,赤柱,2期,B38號(洋房II型),黃麻角道88號,88號,B38 (II)號屋,66000000.0,4002.0,16492.0,2816,23438,2020-03-11,
178,港島,馬坑,龍德苑,至德閣 (C座),環角道52號,5樓,16室,6400000.0,699.0,9156.0,527,12144,2020-03-10,
179,港島,大潭,A區(4期),10座,白筆山道18號,1樓,A室,20000000.0,1301.0,15373.0,946,21142,2020-03-09,2.0
180,港島,大潭,A區(4期),10座,白筆山道18號,3樓,B室,20000000.0,1301.0,15373.0,956,20921,2020-03-06,2.0
181,港島,淺水灣,,蔚峰園,淺水灣道11號,13樓,B室,38000000.0,1556.0,24422.0,1113,34142,2020-03-04,
182,港島,赤柱,,綠怡居,黃麻角道10號,4樓,B室,11300000.0,657.0,17199.0,517,21857,2020-03-02,2.0
183,港島,淺水灣,,蔚峰園,淺水灣道11號,12樓,B室,38000000.0,1556.0,24422.0,1113,34142,2020-02-27,
184,港島,淺水灣,山景園,4座,大潭水塘道88號,23樓,31室,56000000.0,2105.0,26603.0,1622,34525,2020-02-27,3.0
185,港島,壽臣山,松柏花園,2座,壽山村道18號,18號,B室,97000000.0,2849.0,34047.0,2547,38084,2020-02-26,
186,港島,山頂,,七重天大廈,加列山道38號,2樓,C室,95000000.0,3300.0,28788.0,2836,33498,2020-02-17,
187,港島,淺水灣,南灣新邨,B座,南灣坊4號,1樓,B2室,43800000.0,,,2160,20278,2020-02-13,
188,港島,馬坑,龍德苑,怡德閣 (D座),環角道52號,3樓,14室,3650000.0,283.0,12898.0,214,17056,2020-02-07,0.0
189,港島,山頂,白加道31號,洋房 A,山頂白加道31號,31號,A號屋,8737350.0,,,3845,2272,2020-02-06,
190,港島,淺水灣,保華大廈,D座,淺水灣道119A號,9-10樓,D室,100000000.0,3300.0,30303.0,2893,34566,2020-02-04,
191,港島,赤柱,,赤柱大街58號,赤柱大街58號,3樓,58號,3900000.0,,,283,13781,2020-01-21,
192,港島,赤柱,旭逸居,2座,赤柱村道7號,地下,D室,26000000.0,1052.0,24715.0,855,30409,2020-01-20,
193,港島,大潭,A區(4期),3座,白筆山道18號,4樓,A室,25100000.0,1401.0,17916.0,1013,24778,2020-01-09,2.0
194,港島,山頂,,崑廬,加列山道44號,9樓,A室,85000000.0,2650.0,32075.0,2222,38254,2020-01-09,
195,港島,大潭,A區(4期),3座,白筆山道18號,11樓,B室,27500000.0,1391.0,19770.0,1013,27147,2020-01-07,2.0
196,港島,山頂,環翠園,C座,僑福道8-10號,4樓,1室(NO. 10),35500000.0,1200.0,29583.0,1070,33178,2019-12-24,
197,港島,淺水灣,山景園,5座,大潭水塘道88號,23樓,37室,29000000.0,1263.0,22961.0,1001,28971,2019-12-23,2.0
198,港島,大潭,浪琴園,4座,大潭道38號,4樓,B室,30000000.0,1906.0,15740.0,1534,19557,2019-12-13,
199,港島,淺水灣,嘉麟閣,2座,南灣道55號,17樓,A室,44000000.0,1780.0,24719.0,1390,31655,2019-12-10,3.0
200,港島,壽臣山,壽臣山道東1號,洋房 21,壽臣山道東1號,1號,21號屋,160000000.0,4331.0,36943.0,2840,56338,2019-12-10,
201,港島,壽臣山,壽臣山道東1號,洋房 23,壽臣山道東1號,1號,23號屋,145000000.0,4062.0,35697.0,2657,54573,2019-12-10,
202,港島,山頂,BAYVIEW,布力徑 25 號,布力徑25號,25號,25號,166000000.0,4150.0,40000.0,3018,55003,2019-12-03,
203,港島,馬坑,龍德苑,至德閣 (C座),環角道52號,2樓,14室,3700000.0,559.0,6619.0,421,8789,2019-11-29,
204,港島,淺水灣,眺景園,17座,大潭水塘道88號,15樓,93室,108000000.0,3273.0,32997.0,2626,41127,2019-11-22,3.0
205,港島,淺水灣,眺景園,17座,大潭水塘道88號,15樓,91室,90000000.0,2645.0,34026.0,2188,41133,2019-11-22,
206,港島,馬坑,龍德苑,至德閣 (C座),環角道52號,2樓,13室,5300000.0,559.0,9481.0,421,12589,2019-11-20,
207,港島,大潭,A區(4期),10座,白筆山道18號,2樓,A室,22680000.0,1301.0,17433.0,946,23975,2019-11-19,2.0
208,港島,淺水灣,,怡峰,淺水灣道67號,10樓,A室,90000000.0,2464.0,36526.0,1939,46416,2019-11-18,
209,港島,大潭,B區,松柏徑148座 (T7洋房),白筆山道18號,B地段,148號洋房,96256270.0,3339.0,28828.0,3136,30694,2019-11-15,
210,港島,淺水灣,山景園,5座,大潭水塘道88號,9樓,41室,27200000.0,1308.0,20795.0,1042,26104,2019-11-15,2.0
211,港島,馬坑,龍欣苑,龍駿閣 (A座),環角道60號,五樓,11室,6500000.0,776.0,8376.0,530,12264,2019-10-31,2.0
212,港島,馬坑,龍德苑,怡德閣 (D座),環角道52號,7樓,22室,5500000.0,552.0,9964.0,417,13189,2019-10-25,0.0
213,港島,山頂,,ALTADENA HOUSE,白加道27號,1-2樓,C室,245000000.0,4500.0,54444.0,4073,60152,2019-10-23,
214,港島,舂坎角,,舂磡角道40號,舂磡角道40號,2樓,2室,39800000.0,1600.0,24875.0,1282,31045,2019-10-23,
215,港島,山頂,紅梅閣,19座,賓吉道8號,8號,19號洋房,200000000.0,3200.0,62500.0,2903,68894,2019-10-23,
216,港島,山頂,紅梅閣,45座,賓吉道8號,8號,45號洋房,210000000.0,3225.0,65116.0,3195,65728,2019-10-23,
217,港島,馬坑,龍德苑,晉德閣 (A座),環角道52號,3樓,18室,3700000.0,283.0,13074.0,214,17290,2019-10-21,
218,港島,山頂,嘉樂園,A座,甘道20-22號,4樓,22號,81000000.0,2400.0,33750.0,2117,38262,2019-10-15,
219,港島,山頂,KELLETTERIA,洋房 D,加列山道71號,71號,D號屋,230000000.0,,,2419,95081,2019-10-15,
220,港島,淺水灣,摘星樓,15座,大潭水塘道88號,22樓,85室,95000000.0,2746.0,34596.0,2169,43799,2019-10-11,3.0
221,港島,石澳,石澳山仔 21-21C 號,21號(E座),石澳山仔21-21C號,21號,21號,36000000.0,1800.0,20000.0,1204,29900,2019-10-09,
222,港島,馬坑,龍德苑,承德閣 (B座),環角道52號,2樓,34室,3800000.0,283.0,13428.0,214,17757,2019-10-04,
223,港島,赤柱,翠屋,D座,赤柱村道49號,49號,D1室,62000000.0,1800.0,34444.0,1783,34773,2019-09-25,
224,港島,山頂,甘道 9 號,C座,甘道9號,9號,C洋房,147000000.0,2800.0,52500.0,2791,52669,2019-09-25,
225,港島,馬坑,龍德苑,承德閣 (B座),環角道52號,3樓,14室,5338000.0,698.0,7648.0,526,10148,2019-09-12,1.0
226,港島,淺水灣,山景園,5座,大潭水塘道88號,16樓,37室,27800000.0,1263.0,22011.0,1001,27772,2019-09-12,2.0
227,港島,舂坎角,VILLA PIUBELLO,A-B座,環角徑1-3號,3樓,1號(A室),31800000.0,1800.0,17667.0,1450,21931,2019-08-29,
228,港島,淺水灣,,松苑,淺水灣道65號,7樓,A室,70800000.0,2250.0,31467.0,1917,36933,2019-08-20,
229,港島,淺水灣,,淺水灣道90號,淺水灣道90號,6號,90號,489153280.0,,,5852,83587,2019-08-14,
230,港島,淺水灣,,淺水灣道3號,淺水灣道3號,11樓,A室,76000000.0,2161.0,35169.0,1741,43653,2019-08-14,4.0
231,港島,淺水灣,,蔚峰園,淺水灣道11號,15樓,B室,46000000.0,1556.0,29563.0,1113,41330,2019-08-14,
232,港島,大潭,大潭道45號,洋房8,大潭道45號,45號,8號屋,438000000.0,,,4744,92327,2019-08-13,
233,港島,大潭,大潭道45號,洋房7,大潭道45號,45號,7號屋,478000000.0,,,4814,99294,2019-08-13,
234,港島,大潭,浪琴園,5座,大潭道38號,3樓,A室,21300000.0,1334.0,15967.0,1077,19777,2019-08-07,
235,港島,壽臣山,碧園,壽山村道41E-41F號,壽山村道41E-41F號,地下,41F號,77000000.0,2250.0,34222.0,1956,39366,2019-08-07,
236,港島,淺水灣,南灣御苑,1座,南灣坊25號,6樓,A室,46200000.0,,,1903,24277,2019-08-06,
237,港島,淺水灣,,蔚峰園,淺水灣道11號,3樓,B室,42800000.0,1556.0,27506.0,1113,38455,2019-07-31,
238,港島,大潭,浪琴園,3座,大潭道38號,15樓,A室,36000000.0,2054.0,17527.0,1674,21505,2019-07-31,
239,港島,淺水灣,寶晶苑,9號屋,淺水灣道93號,93號,9號洋房,115000000.0,3619.0,31777.0,2533,45401,2019-07-30,
240,港島,淺水灣,淺水灣麗景園,3-4座,麗景道34-36號,10樓,4座 (34號),92800000.0,2800.0,33143.0,2576,36025,2019-07-30,
241,港島,壽臣山,碧麗閣,F座,壽山村道7號,地下,F室,39600000.0,1650.0,24000.0,1350,29333,2019-07-24,
242,港島,馬坑,龍德苑,晉德閣 (A座),環角道52號,1樓,7室,5900000.0,559.0,10555.0,421,14014,2019-07-23,
243,港島,大潭,B區,松柏徑59座 (S1洋房),白筆山道18號,B地段,59號洋房,69000000.0,3075.0,22439.0,2836,24330,2019-07-15,
244,港島,山頂,環翠園,C座,僑福道8-10號,8樓,2室(NO. 8),40000000.0,1200.0,33333.0,1070,37383,2019-07-15,
245,港島,山頂,,七重天大廈,加列山道38號,7樓,B室,100500000.0,3300.0,30455.0,2786,36073,2019-07-15,
246,港島,淺水灣,保華大廈,B座,淺水灣道119A號,11-12樓,B室,113000000.0,3100.0,36452.0,2578,43832,2019-07-11,
247,港島,大潭,B區,棕櫚徑129座 (S23洋房),白筆山道18號,B地段,129號洋房,110151510.0,3100.0,35533.0,2836,38840,2019-07-10,
248,港島,舂坎角,壁如花園,A1座,環角徑18號,1樓,A1室,38288000.0,1765.0,21693.0,1724,22209,2019-07-08,
249,港島,馬坑,龍欣苑,龍駿閣 (A座),環角道60號,地下,11室,5300000.0,626.0,8466.0,427,12412,2019-07-02,
250,港島,大潭,B區,棕櫚徑147座 (S32洋房),白筆山道18號,B地段,147號洋房,92119500.0,3050.0,30203.0,2836,32482,2019-07-02,
251,港島,淺水灣,嘉麟閣,2座,南灣道55號,2樓,A室,33500000.0,1780.0,18820.0,1390,24101,2019-06-28,3.0
252,港島,大潭,B區,松柏徑93座 (S18洋房),白筆山道18號,B地段,93號洋房,76800000.0,3076.0,24967.0,2836,27080,2019-06-27,
253,港島,淺水灣,凌雲閣,8座,大潭水塘道88號,10樓,55室,49200000.0,2366.0,20795.0,1886,26087,2019-06-27,3.0
254,港島,深水灣,深水灣徑8號,1座,深水灣徑8號,8樓,B室,244675200.0,,,3641,67200,2019-06-25,
255,港島,大潭,A區(4期),8座,白筆山道18號,6樓,A室,23500000.0,1311.0,17925.0,954,24633,2019-06-24,2.0
256,港島,淺水灣,南灣御苑,1座,南灣坊25號,2樓,A室,25000000.0,,,1903,13137,2019-06-21,
257,港島,大潭,浪琴園,1座,大潭道38號,34樓,B室,22800000.0,1334.0,17091.0,1077,21170,2019-06-21,
258,港島,淺水灣,保華大廈,E座,淺水灣道119A號,11-12樓,E室,113000000.0,3300.0,34242.0,2893,39060,2019-06-21,
259,港島,山頂,,七重天大廈,加列山道38號,5樓,B室,105000000.0,3300.0,31818.0,2786,37688,2019-06-21,
260,港島,山頂,嘉樂園,C座,甘道28-30號,4樓,28號,115000000.0,2800.0,41071.0,2448,46977,2019-06-19,
261,港島,大潭,B區,棕櫚徑137座 (S27洋房),白筆山道18號,B地段,137號洋房,101557680.0,3050.0,33298.0,2836,35810,2019-06-18,
262,港島,大潭,B區,松柏徑158座 (T12洋房),白筆山道18號,B地段,158號洋房,110725350.0,3339.0,33161.0,3136,35308,2019-06-13,
263,港島,大潭,玫瑰園,18座,紅山道88號,88號,18號洋房,109800000.0,4013.0,27361.0,3314,33132,2019-06-12,
264,港島,馬坑,龍德苑,晉德閣 (A座),環角道52號,地下,17室,5600000.0,552.0,10145.0,417,13429,2019-06-06,
265,港島,淺水灣,山景園,3座,大潭水塘道88號,15樓,23室,29800000.0,1308.0,22783.0,1045,28517,2019-06-06,2.0
266,港島,大潭,大潭道12-16號,洋房D,大潭道12-16號,12-16號,D號屋,180000000.0,,,3350,53731,2019-06-05,
267,港島,淺水灣,涵碧苑,11座,大潭水塘道88號,10樓,67室,69500000.0,2541.0,27351.0,2049,33919,2019-06-05,3.0
268,港島,深水灣,香島道 45 號,B座,香島道45號,L3樓,B3室,57800000.0,1634.0,35373.0,1314,43988,2019-06-03,
269,港島,大潭,B區,棕櫚徑139座 (S28洋房),白筆山道18號,B地段,139號洋房,94390005.0,3064.0,30806.0,2836,33283,2019-05-31,
270,港島,壽臣山,碧園,壽山村道41C-41D號,壽山村道41C-41D號,2樓,41D號,83000000.0,2250.0,36889.0,1956,42434,2019-05-30,
271,港島,赤柱,旭逸居,1座,赤柱村道7號,地下,B室,44880000.0,,,1709,26261,2019-05-29,
272,港島,山頂,,嘉樂苑,馬己仙峽道40號,7樓,B室,280000000.0,2847.0,98349.0,2659,105303,2019-05-29,
273,港島,淺水灣,南灣花園,B座,南灣坊33號,5樓,2室,30000000.0,1542.0,19455.0,1296,23148,2019-05-28,2.0
274,港島,淺水灣,摘星樓,13座,大潭水塘道88號,18樓,75室,67000000.0,2787.0,24040.0,2308,29029,2019-05-27,4.0
275,港島,馬坑,龍欣苑,龍騰閣 (B座),環角道60號,九樓,12室,5330000.0,626.0,8514.0,427,12482,2019-05-24,1.0
276,港島,大潭,B區,棕櫚徑131座 (S24洋房),白筆山道18號,B地段,131號洋房,95905517.0,3080.0,31138.0,2836,33817,2019-05-23,
277,港島,大潭,浪琴園,5座,大潭道38號,27樓,B室,32000000.0,1772.0,18059.0,1397,22906,2019-05-22,
278,港島,淺水灣,淺水灣麗景園,3-4座,麗景道34-36號,14樓,4座 (34號),94800000.0,2800.0,33857.0,2576,36801,2019-05-22,
279,港島,淺水灣,南灣花園,B座,南灣坊33號,6樓,1室,24680000.0,1542.0,16005.0,1296,19043,2019-05-22,2.0
280,港島,淺水灣,眺景園,18座,大潭水塘道88號,1樓,97室,52000000.0,2708.0,19202.0,2171,23952,2019-05-21,4.0
281,港島,淺水灣,嘉麟閣,2座,南灣道55號,4樓,B室,35550923.0,1780.0,19972.0,1390,25576,2019-05-21,3.0
282,港島,深水灣,深水灣徑8號,1座,深水灣徑8號,6樓,B室,228654800.0,,,3641,62800,2019-05-16,
283,港島,馬坑,龍德苑,承德閣 (B座),環角道52號,1樓,8室,5700000.0,559.0,10197.0,421,13539,2019-05-16,
284,港島,深水灣,深水灣徑8號,1座,深水灣徑8號,地下高層,B室,605440000.0,,,7568,80000,2019-05-16,
285,港島,淺水灣,冠園,C-D座,淺水灣道21C-21D號,4樓,D室,53980000.0,2300.0,23470.0,1780,30326,2019-05-15,3.0
286,港島,淺水灣,華景園,1座,南灣道61號,27樓,B室,96600000.0,3061.0,31558.0,2491,38780,2019-05-15,4.0
287,港島,大潭,A區(4期),8座,白筆山道18號,7樓,A室,24600000.0,1311.0,18764.0,954,25786,2019-05-10,2.0
288,港島,淺水灣,山景園,3座,大潭水塘道88號,15樓,25室,28600000.0,1259.0,22716.0,1001,28571,2019-05-10,2.0
289,港島,淺水灣,南灣花園,C座,南灣坊33號,3樓,1室,19000000.0,1027.0,18500.0,850,22353,2019-05-09,2.0
290,港島,赤柱,NO. 50 STANLEY VILLAGE ROAD,洋房5,赤柱村道50號,50號,5號屋,168800000.0,,,2755,61270,2019-05-09,
291,港島,馬坑,龍德苑,承德閣 (B座),環角道52號,8樓,24室,5000000.0,698.0,7163.0,526,9506,2019-05-09,1.0
292,港島,淺水灣,淺水灣麗景園,1-2座,麗景道38-40號,9樓,1座 (40號),60000000.0,2288.0,26224.0,2049,29283,2019-05-08,
293,港島,淺水灣,華景園,2座,南灣道61號,11樓,A室,43800000.0,1820.0,24066.0,1358,32253,2019-05-06,3.0
294,港島,馬坑,龍德苑,承德閣 (B座),環角道52號,3樓,34室,3750000.0,283.0,13251.0,214,17523,2019-05-03,
295,港島,淺水灣,山景園,5座,大潭水塘道88號,2樓,39室,23000000.0,1311.0,17544.0,1045,22010,2019-05-02,2.0
296,港島,淺水灣,淺水灣麗景園,1-2座,麗景道38-40號,17樓,1座 (40號),70000000.0,2288.0,30594.0,2049,34163,2019-05-02,
297,港島,淺水灣,眺景園,18座,大潭水塘道88號,17樓,95室,58000000.0,2570.0,22568.0,2067,28060,2019-05-02,3.0
298,港島,山頂,嘉樂園,B座,甘道24-26號,5樓,24號,130000000.0,,,2448,53105,2019-04-25,
299,港島,深水灣,香島道 45 號,A座,香島道45號,L1樓,A室,50500000.0,1634.0,30906.0,1314,38432,2019-04-24,
300,港島,淺水灣,,淺水灣道90號,淺水灣道90號,3號,90號,503880000.0,,,5851,86119,2019-04-24,
301,港島,大潭,A區(4期),5座,白筆山道18號,3樓,B室,36000000.0,2143.0,16799.0,1567,22974,2019-04-18,3.0
302,港島,淺水灣,凌雲閣,8座,大潭水塘道88號,16樓,55室,50000000.0,2366.0,21133.0,1886,26511,2019-04-18,3.0
303,港島,淺水灣,淺水灣麗景園,7-8座,麗景道26-28號,2樓,7座 (28號),50000000.0,2288.0,21853.0,2049,24402,2019-04-16,
304,港島,淺水灣,,雅景閣,南灣道10號,2樓,G室,47500000.0,1665.0,28529.0,1272,37343,2019-04-15,3.0
305,港島,淺水灣,華景園,1座,南灣道61號,26樓,B室,91500000.0,3061.0,29892.0,2491,36732,2019-04-12,4.0
306,港島,馬坑,龍德苑,怡德閣 (D座),環角道52號,2樓,28室,3780000.0,559.0,6762.0,421,8979,2019-04-12,
307,港島,山頂,,七重天大廈,加列山道38號,3樓,A室,97000000.0,3300.0,29394.0,2893,33529,2019-04-08,
308,港島,赤柱,,赤柱市場道12號,赤柱市場道12號,三樓,前座,3200000.0,,,249,12851,2019-04-08,
309,港島,淺水灣,海峰園,淺水灣道19A號,淺水灣道19A號,10樓,19A號,63800000.0,2400.0,26583.0,1961,32534,2019-04-04,
310,港島,大潭,B區,松柏徑85座 (S14洋房),白筆山道18號,B地段,85號洋房,69000000.0,3054.0,22593.0,2836,24330,2019-04-03,
311,港島,深水灣,深水灣徑8號,1座,深水灣徑8號,5樓,B室,221372800.0,,,3641,60800,2019-04-02,
312,港島,淺水灣,山景園,3座,大潭水塘道88號,19樓,27室,29600000.0,1295.0,22857.0,1031,28710,2019-04-02,2.0
313,港島,淺水灣,南灣御苑,2座,南灣坊25號,5樓,B室,24500000.0,1698.0,14429.0,1273,19246,2019-04-01,
314,港島,馬坑,龍德苑,承德閣 (B座),環角道52號,5樓,18室,5600000.0,559.0,10018.0,421,13302,2019-03-29,0.0
315,港島,馬坑,龍德苑,承德閣 (B座),環角道52號,1樓,32室,4000000.0,559.0,7156.0,421,9501,2019-03-28,
316,港島,馬坑,龍德苑,至德閣 (C座),環角道52號,4樓,6室,7000000.0,699.0,10014.0,527,13283,2019-03-26,
317,港島,山頂,LA HACIENDA,9座,加列山道29號,29號,9號屋,153800000.0,3200.0,48063.0,2756,55806,2019-03-26,
318,港島,山頂,環翠園,B座,僑福道12-14號,10樓,1室(NO. 14),140000000.0,,,2593,53992,2019-03-25,
319,港島,山頂,環翠園,B座,僑福道12-14號,10樓,2室(NO. 12),140000000.0,,,2399,58358,2019-03-25,
320,港島,大潭,B區,棕櫚徑145座 (S31洋房),白筆山道18號,B地段,145號洋房,84000000.0,3050.0,27541.0,2836,29619,2019-03-25,
321,港島,赤柱,,金東閣,赤柱大街118號,二樓,118號,6700000.0,608.0,11020.0,459,14597,2019-03-22,
322,港島,馬坑,龍德苑,晉德閣 (A座),環角道52號,9樓,23室,4600000.0,699.0,6581.0,527,8729,2019-03-21,
323,港島,大潭,D區,棕櫚徑36座,白筆山道18號,D地段,36號洋房,79380000.0,2672.0,29708.0,2583,30732,2019-03-21,
324,港島,淺水灣,山景園,5座,大潭水塘道88號,11樓,37室,29300000.0,1263.0,23199.0,1001,29271,2019-03-21,2.0
325,港島,大潭,浪琴園,4座,大潭道38號,23樓,B室,34000000.0,1906.0,17838.0,1534,22164,2019-03-15,
326,港島,壽臣山,SHOUSON PEAK,洋房19B,壽山村道9-19號,9-19號,19B號屋,240000000.0,4932.0,48662.0,3231,74280,2019-03-06,
327,港島,深水灣,文禮苑,30座,深水灣道48號,48號,30號洋房,170000000.0,3504.0,48516.0,3160,53797,2019-03-01,
328,港島,大潭,D區,松柏徑44座,白筆山道18號,D地段,44號洋房,105000000.0,3020.0,34768.0,3013,34849,2019-03-01,
329,港島,壽臣山,碧麗閣,F座,壽山村道7號,1樓,F室,39000000.0,1700.0,22941.0,1350,28889,2019-02-28,
330,港島,深水灣,深水灣徑8號,2座,深水灣徑8號,7樓,C室,292030200.0,,,4214,69300,2019-02-27,
331,港島,深水灣,深水灣徑8號,1座,深水灣徑8號,7樓,B室,228654800.0,,,3641,62800,2019-02-27,
332,港島,山頂,,嘉利別墅,加列山道61A-61B號,6樓,61B號,25500000.0,1600.0,15938.0,1368,18640,2019-02-26,
333,港島,赤柱,錦鳳苑,A座,赤柱連合道1號,1號,A洋房,68000000.0,1962.0,34659.0,1404,48433,2019-02-14,
334,港島,淺水灣,淺水灣道 37 號,3座,淺水灣道37號,16樓,A室,28500000.0,1220.0,23361.0,848,33608,2019-01-29,
335,港島,淺水灣,淺水灣道 37 號,3座,淺水灣道37號,16樓,B室,45300000.0,1740.0,26034.0,1254,36124,2019-01-25,
336,港島,大潭,A區(4期),5座,白筆山道18號,1樓,A室,35000000.0,2153.0,16256.0,1575,22222,2019-01-25,3.0
337,港島,淺水灣,嘉麟閣,1座,南灣道55號,20樓,A室,66000000.0,2200.0,30000.0,1775,37183,2019-01-24,3.0
338,港島,淺水灣,,淺水灣道90號,淺水灣道90號,11號,90號,490000000.0,,,5766,84981,2019-01-23,
339,港島,淺水灣,,淺水灣道90號,淺水灣道90號,12號,90號,520000000.0,,,6068,85695,2019-01-23,
340,港島,馬坑,龍德苑,承德閣 (B座),環角道52號,5樓,28室,3820000.0,559.0,6834.0,421,9074,2019-01-22,
341,港島,淺水灣,涵碧苑,11座,大潭水塘道88號,16樓,67室,66800000.0,2541.0,26289.0,2049,32601,2019-01-18,3.0
342,港島,大潭,D區,棕櫚徑46座,白筆山道18號,D地段,46號洋房,80000000.0,2588.0,30912.0,2583,30972,2019-01-17,
343,港島,馬坑,龍德苑,至德閣 (C座),環角道52號,2樓,2室,5860000.0,552.0,10616.0,417,14053,2019-01-14,
344,港島,大潭,,碧濤閣,大潭道27號,1樓,A室,75000000.0,2890.0,25952.0,2534,29597,2019-01-11,
345,港島,赤柱,翠屋,B座,赤柱村道49號,49號,B1室,50500000.0,1611.0,31347.0,1611,31346,2019-01-08,
346,港島,山頂,TWELVE PEAKS,洋房9,加列山道12號,12號,9號屋,458000000.0,,,3905,117286,2018-12-28,
347,港島,山頂,TWELVE PEAKS,洋房1,加列山道12號,12號,1號屋,666523000.0,,,4858,137201,2018-12-24,
348,港島,山頂,TWELVE PEAKS,洋房10,加列山道12號,12號,10號屋,458000000.0,,,3701,123750,2018-12-24,
349,港島,山頂,種植道11號,6座,種植道11號,11號,6號洋房,510000000.0,,,6372,80038,2018-12-17,
350,港島,山頂,種植道11號,7座,種植道11號,11號,7號洋房,510000000.0,,,6372,80038,2018-12-17,
351,港島,山頂,種植道11號,8座,種植道11號,11號,8號洋房,390000000.0,,,5032,77504,2018-12-17,
352,港島,山頂,種植道11號,5座,種植道11號,11號,5號洋房,550000000.0,,,6815,80704,2018-12-17,
353,港島,赤柱,,倫輝樓,赤柱大街30A號,三樓,C室,3880000.0,476.0,8151.0,316,12278,2018-12-14,
354,港島,淺水灣,山景園,5座,大潭水塘道88號,9樓,37室,25000000.0,1263.0,19794.0,1001,24975,2018-12-14,2.0
355,港島,馬坑,龍德苑,至德閣 (C座),環角道52號,7樓,2室,3820000.0,552.0,6920.0,417,9161,2018-12-14,0.0
356,港島,山頂,種植道11號,1座,種植道11號,11號,1號洋房,690000000.0,,,8609,80149,2018-12-10,
357,港島,山頂,種植道11號,2座,種植道11號,11號,2號洋房,620000000.0,,,7941,78076,2018-12-10,
358,港島,山頂,種植道11號,3座,種植道11號,11號,3號洋房,530000000.0,,,6600,80303,2018-12-10,
359,港島,赤柱,,友榮樓,赤柱大街34-38號,三樓,C室,3000000.0,,,243,12345,2018-12-05,
360,港島,淺水灣,淺水灣麗景園,1-2座,麗景道38-40號,7樓,2座 (38號),56000000.0,2288.0,24476.0,2049,27330,2018-11-28,
361,港島,淺水灣,淺水灣麗景園,3-4座,麗景道34-36號,19樓,4座 (34號),97000000.0,2800.0,34643.0,2576,37655,2018-11-23,
362,港島,山頂,山頂道77-79號,山頂道79號,山頂道79號,79號,79號,481000000.0,,,6634,72505,2018-11-21,
363,港島,山頂,山頂道77-79號,山頂道79A號,山頂道79A號,79A號,79A號,479000000.0,,,6423,74576,2018-11-21,
364,港島,深水灣,深水灣徑8號,2座,深水灣徑8號,10樓,C室,311836000.0,,,4214,74000,2018-11-16,
365,港島,深水灣,深水灣徑8號,1座,深水灣徑8號,10樓,B室,249408500.0,,,3641,68500,2018-11-14,
366,港島,山頂,,種植道73號,種植道73號,73號,73號,296000000.0,,,3228,91698,2018-11-14,
367,港島,淺水灣,淺水灣道 37 號,1座,淺水灣道37號,8樓,A室,27000000.0,1225.0,22041.0,848,31840,2018-11-13,
368,港島,淺水灣,山景園,5座,大潭水塘道88號,8樓,37室,28000000.0,1263.0,22169.0,1001,27972,2018-11-09,2.0
369,港島,山頂,TWELVE PEAKS,洋房15,加列山道12號,12號,15號屋,450000000.0,,,3885,115830,2018-11-09,
370,港島,深水灣,深水灣徑8號,2座,深水灣徑8號,6樓,C室,287700000.0,,,4214,68272,2018-11-08,
371,港島,大潭,A區(4期),9座,白筆山道18號,2樓,B室,22300000.0,1301.0,17141.0,948,23523,2018-11-06,2.0
372,港島,壽臣山,ORCHID HILL,1座,壽山村道26A-26B號,26A號,26A號,120000000.0,,,2903,41337,2018-11-01,
373,港島,淺水灣,,淺水灣道90號,淺水灣道90號,9號,90號,467157000.0,,,5768,80991,2018-10-31,
374,港島,馬坑,龍德苑,晉德閣 (A座),環角道52號,LG1樓,17室,5000000.0,559.0,8945.0,417,11990,2018-10-31,0.0
375,港島,大潭,A區(4期),5座,白筆山道18號,4樓,A室,41000000.0,2153.0,19043.0,1575,26032,2018-10-29,3.0
376,港島,大潭,,BLUE WATER,大潭道25號,3樓,B室,66000000.0,2500.0,26400.0,1824,36184,2018-10-25,
377,港島,赤柱,,彭發樓,赤柱大街130-132號,5樓,A室,2500000.0,,,179,13966,2018-10-22,
378,港島,赤柱,,友榮樓,赤柱大街34-38號,五樓,B室,3750000.0,400.0,9375.0,269,13941,2018-10-15,
379,港島,淺水灣,,南灣大廈,南灣道59號,20樓,A室,27500000.0,1433.0,19191.0,1112,24730,2018-10-12,
380,港島,淺水灣,,詩禮花園,淺水灣道5號,6樓,B室,87800000.0,2363.0,37156.0,1962,44750,2018-10-11,
381,港島,山頂,嘉樂園,C座,甘道28-30號,3樓,30號,94000000.0,,,2448,38399,2018-10-09,
382,港島,壽臣山,朗松居,12座,壽山村道33號,33號,12號洋房,128300000.0,3384.0,37914.0,2917,43984,2018-10-09,
383,港島,淺水灣,山景園,5座,大潭水塘道88號,12樓,41室,28487000.0,1308.0,21779.0,1042,27339,2018-10-02,2.0
384,港島,淺水灣,山景園,5座,大潭水塘道88號,11樓,35室,25028500.0,1298.0,19282.0,1031,24276,2018-10-02,2.0
385,港島,馬坑,龍德苑,怡德閣 (D座),環角道52號,5樓,20室,3680000.0,283.0,13004.0,214,17196,2018-10-02,0.0
386,港島,馬坑,龍欣苑,龍騰閣 (B座),環角道60號,九樓,11室,4460000.0,776.0,5747.0,530,8415,2018-09-27,2.0
387,港島,赤柱,1期,D15號(洋房VI型),黃麻角道88號,88號,D15號屋,90000000.0,4902.0,18360.0,3382,26611,2018-09-24,
388,港島,馬坑,龍德苑,怡德閣 (D座),環角道52號,7樓,19室,6400000.0,552.0,11594.0,417,15348,2018-09-19,0.0
389,港島,舂坎角,VILLA PIUBELLO,C-D座,環角徑5-7號,3樓,7號(D室),35500000.0,1800.0,19722.0,1450,24483,2018-09-18,
390,港島,淺水灣,,福慧大廈,淺水灣道25號,4樓,B室,122000000.0,2857.0,42702.0,2499,48820,2018-09-11,
391,港島,赤柱,,赤柱大街18-20B號,赤柱大街18-20B號,四樓,B室,4700000.0,,,346,13584,2018-09-10,
392,港島,淺水灣,保華大廈,B座,淺水灣道119A號,7-8樓,B室,80000000.0,3100.0,25806.0,2578,31032,2018-08-29,
393,港島,馬坑,龍德苑,晉德閣 (A座),環角道52號,7樓,9室,8080000.0,839.0,9631.0,632,12785,2018-08-28,
394,港島,馬坑,龍德苑,承德閣 (B座),環角道52號,4樓,12室,5800000.0,552.0,10507.0,417,13909,2018-08-27,
395,港島,赤柱,1期,B17號(洋房II型),黃麻角道88號,88號,B17號屋,62000000.0,4053.0,15297.0,2781,22294,2018-08-27,
396,港島,赤柱,海寧雅舍,B座,赤柱崗道8號,3樓,B室,34000000.0,1710.0,19883.0,1518,22398,2018-08-24,
397,港島,淺水灣,凌雲閣,8座,大潭水塘道88號,15樓,55室,53000000.0,2366.0,22401.0,1886,28102,2018-08-24,3.0
398,港島,淺水灣,,松苑,淺水灣道65號,11樓,B室,75000000.0,2250.0,33333.0,1917,39124,2018-08-21,
399,港島,淺水灣,,蔚峰園,淺水灣道11號,8樓,B室,42980000.0,1556.0,27622.0,1113,38616,2018-08-15,
400,港島,大潭,A區(4期),8座,白筆山道18號,8樓,B室,24280000.0,1301.0,18663.0,956,25397,2018-08-13,2.0
401,港島,山頂,,山頂道52號,山頂道52號,52號,52號,445000000.0,,,4873,91320,2018-08-09,
402,港島,淺水灣,摘星樓,14座,大潭水塘道88號,18樓,77室,46800000.0,1900.0,24632.0,1505,31096,2018-08-08,3.0
403,港島,赤柱,1期,B12號(洋房II型),黃麻角道88號,88號,B12號屋,62000000.0,4053.0,15297.0,2790,22222,2018-08-08,
404,港島,山頂,TWELVE PEAKS,洋房8,加列山道12號,12號,8號屋,730000000.0,,,5221,139820,2018-08-07,
405,港島,淺水灣,凌雲閣,7座,大潭水塘道88號,8樓,49室,45300000.0,2093.0,21644.0,1624,27894,2018-08-06,3.0
406,港島,山頂,TWELVE PEAKS,洋房2,加列山道12號,12號,2號屋,495100000.0,,,4479,110538,2018-08-06,
407,港島,淺水灣,,南灣大廈,南灣道59號,25樓,B室,65000000.0,2738.0,23740.0,2143,30331,2018-08-02,3.0
408,港島,赤柱,,赤柱大街14-16號,赤柱大街14-16號,四樓,16A號,3730000.0,400.0,9325.0,356,10478,2018-08-01,
409,港島,赤柱,,彭發樓,赤柱大街130-132號,3樓,A室,2688000.0,,,179,15017,2018-08-01,
410,港島,舂坎角,紫荊園,F座,舂磡角道42號,42號,F座,100000000.0,3500.0,28571.0,2730,36630,2018-07-31,
411,港島,大潭,,BLUE WATER,大潭道25號,5樓,B室,68000000.0,2500.0,27200.0,1824,37281,2018-07-26,
412,港島,淺水灣,,淺水灣道90號,淺水灣道90號,8號,90號,508673000.0,,,5814,87491,2018-07-26,
413,港島,赤柱,,倫輝樓,赤柱大街30A號,四樓,A室,3980000.0,,,282,14113,2018-07-26,
414,港島,淺水灣,淺水灣麗景園,3-4座,麗景道34-36號,12樓,4座 (34號),85000000.0,2800.0,30357.0,2576,32997,2018-07-25,
415,港島,大潭,浪琴園,1座,大潭道38號,22樓,B室,24600000.0,1334.0,18441.0,1077,22841,2018-07-24,
416,港島,大潭,D區,松柏徑3座,白筆山道18號,D地段,3號洋房,105000000.0,3375.0,31111.0,2958,35497,2018-07-24,
417,港島,淺水灣,華景園,1座,南灣道61號,15樓,A室,80000000.0,3054.0,26195.0,2482,32232,2018-07-24,4.0
418,港島,淺水灣,,淺水灣道90號,淺水灣道90號,7號,90號,495950000.0,,,5848,84807,2018-07-23,
419,港島,大潭,浪琴園,1座,大潭道38號,20樓,A室,32800000.0,1772.0,18510.0,1397,23479,2018-07-18,
420,港島,壽臣山,木苑,C座,壽山村道5號,1樓,C12室,63000000.0,1600.0,39375.0,1235,51012,2018-07-18,
421,港島,壽臣山,SHOUSON PEAK,洋房11A,壽山村道9-19號,9-19號,11A號屋,287800000.0,5312.0,54179.0,3547,81139,2018-07-17,
422,港島,山頂,,七重天大廈,加列山道38號,7樓,C室,116800000.0,3300.0,35394.0,2836,41185,2018-07-16,
423,港島,馬坑,龍德苑,晉德閣 (A座),環角道52號,4樓,1室,3300000.0,283.0,11661.0,214,15421,2018-07-16,
424,港島,赤柱,2期,D38號(洋房VI型),黃麻角道88號,88號,D38 (VI)號屋,97500000.0,4944.0,19721.0,3384,28812,2018-07-13,
425,港島,淺水灣,淺水灣麗景園,7-8座,麗景道26-28號,14樓,8座 (26號),62500000.0,2288.0,27316.0,2049,30503,2018-07-11,
426,港島,淺水灣,南灣御苑,1座,南灣坊25號,3樓,A室,42180000.0,,,1903,22165,2018-07-10,
427,港島,赤柱,1期,D23號(洋房VI型),黃麻角道88號,88號,D23號屋,114750000.0,4902.0,23409.0,3379,33960,2018-07-10,
428,港島,赤柱,1期,D25號(洋房VI型),黃麻角道88號,88號,D25號屋,114750000.0,4902.0,23409.0,3379,33960,2018-07-10,
429,港島,山頂,LA HACIENDA,加列山道31-33號,加列山道31-33號,6樓,3室,90000000.0,3506.0,25670.0,2734,32919,2018-07-05,
430,港島,淺水灣,眺景園,17座,大潭水塘道88號,9樓,93室,99788000.0,3225.0,30942.0,2626,38000,2018-07-04,
431,港島,淺水灣,眺景園,17座,大潭水塘道88號,9樓,91室,68702000.0,2645.0,25974.0,2188,31399,2018-07-04,
432,港島,大潭,C區,棕櫚徑64座,白筆山道18號,C地段,64號洋房,79800000.0,3133.0,25471.0,2876,27747,2018-06-29,
433,港島,山頂,倚巒,洋房 23,施勳道8號,8號,23號屋,220000000.0,3363.0,65418.0,2378,92515,2018-06-27,
434,港島,淺水灣,華景園,1座,南灣道61號,12樓,B室,80000000.0,3061.0,26135.0,2491,32116,2018-06-26,4.0
435,港島,赤柱,,敦勝樓,赤柱大街126號,3樓,A室,6000000.0,,,375,16000,2018-06-25,
436,港島,赤柱,,新城樓,赤柱大街26號,三樓,B室,5450000.0,500.0,10900.0,395,13797,2018-06-20,
437,港島,赤柱,1期,A3號(洋房III型),黃麻角道88號,88號,A3號屋,70000000.0,4221.0,16584.0,3042,23011,2018-06-19,
438,港島,深水灣,香島道 45 號,B座,香島道45號,L1樓,B室,54000000.0,1634.0,33048.0,1314,41096,2018-06-14,
439,港島,舂坎角,柏濤小築,B座,環角道32號,32號,B5室,46500000.0,2188.0,21252.0,1843,25231,2018-06-14,
440,港島,淺水灣,凌雲閣,8座,大潭水塘道88號,21樓,55室,49300000.0,2366.0,20837.0,1886,26140,2018-06-14,3.0
441,港島,淺水灣,,BELGRAVIA,南灣道57號,22樓,B室,66300000.0,2790.0,23763.0,2197,30178,2018-06-13,
442,港島,淺水灣,海峰園,淺水灣道19D號,淺水灣道19D號,2樓,19D號,63800000.0,2400.0,26583.0,1973,32337,2018-06-11,
443,港島,大潭,D區,松柏徑80座,白筆山道18號,D地段,80號洋房,93300000.0,3055.0,30540.0,3013,30966,2018-06-11,
444,港島,赤柱,2期,D39號(洋房VI型),黃麻角道88號,88號,D39 (VI)號屋,85000000.0,4881.0,17414.0,3384,25118,2018-06-11,
445,港島,淺水灣,凌雲閣,7座,大潭水塘道88號,22樓,47室,49500000.0,1860.0,26613.0,1441,34351,2018-06-07,1.0
446,港島,馬坑,龍德苑,晉德閣 (A座),環角道52號,8樓,24室,5000000.0,559.0,8945.0,421,11876,2018-06-06,0.0
447,港島,淺水灣,淺水灣道 37 號,1座,淺水灣道37號,16樓,B室,51000000.0,1745.0,29226.0,1254,40670,2018-05-30,
448,港島,赤柱,,友誠樓,赤柱大街52-56號,五樓,D室,3800000.0,400.0,9500.0,285,13333,2018-05-29,
449,港島,淺水灣,淺水灣道 37 號,2座,淺水灣道37號,7樓,A室,45800000.0,1635.0,28012.0,1199,38198,2018-05-25,
450,港島,淺水灣,山景園,4座,大潭水塘道88號,8樓,33室,43000000.0,1903.0,22596.0,1468,29292,2018-05-25,3.0
451,港島,淺水灣,,南山別墅,淺水灣道41號,17樓,A室,99000000.0,2400.0,41250.0,1961,50484,2018-05-24,
452,港島,淺水灣,,詩禮花園,淺水灣道5號,1樓,B室,58000000.0,2363.0,24545.0,1962,29562,2018-05-24,
453,港島,山頂,環翠園,C座,僑福道8-10號,6樓,2室(NO. 8),37000000.0,1200.0,30833.0,1070,34579,2018-05-24,
454,港島,淺水灣,淺水灣道 37 號,1座,淺水灣道37號,19樓,A室,29300000.0,1225.0,23918.0,848,34552,2018-05-21,
455,港島,淺水灣,環翠軒,10座,大潭水塘道88號,3樓,61室,65000000.0,2772.0,23449.0,2308,28163,2018-05-21,4.0
456,港島,大潭,浪琴園,1座,大潭道38號,1樓,A室,26700000.0,1772.0,15068.0,1397,19112,2018-05-21,
457,港島,赤柱,1期,B15號(洋房II型),黃麻角道88號,88號,B15號屋,72000000.0,4053.0,17765.0,2787,25834,2018-05-18,
458,港島,山頂,,七重天大廈,加列山道38號,1樓,B室,120000000.0,3300.0,36364.0,2786,43073,2018-05-17,
459,港島,淺水灣,凌雲閣,6座,大潭水塘道88號,10樓,45室,68000000.0,2583.0,26326.0,2069,32866,2018-05-14,3.0
460,港島,壽臣山,SHOUSON PEAK,洋房19E,壽山村道9-19號,9-19號,19E號屋,262260000.0,4961.0,52864.0,3212,81650,2018-05-10,
461,港島,馬坑,龍德苑,承德閣 (B座),環角道52號,6樓,8室,5310000.0,559.0,9499.0,421,12613,2018-05-04,
462,港島,大潭,A區(4期),8座,白筆山道18號,4樓,A室,23200000.0,1311.0,17696.0,954,24319,2018-04-30,2.0
463,港島,淺水灣,凌雲閣,8座,大潭水塘道88號,9樓,53室,57380000.0,2366.0,24252.0,1886,30424,2018-04-24,3.0
